# Danh sách 94 đơn vị hành chính cấp xã của thành phố Đà Nẵng (23 phường, 70 xã, 1 đặc khu)
# Nguồn: Nghị quyết số 1659/NQ-UBTVQH15 ngày 16/6/2025 của Ủy ban Thường vụ Quốc hội, Điều 1 (khoản 1-93)
# Toàn văn trên Cổng Thông tin điện tử Chính phủ: https://xaydungchinhsach.chinhphu.vn/toan-van-nghi-quyet-so-1659-nq-ubtvqh15-sap-xep-cac-dvhc-cap-xa-cua-thanh-pho-da-nang-nam-2025-119250616202714604.htm
# Truy cập và trích xuất tự động ngày 04/10/2026; đã đối chiếu tổng số với khoản 93. Tên giữ nguyên chính tả trong văn bản (ví dụ: xã Avương), chuẩn hoá Unicode NFC.
# Khoản 93: Tam Hải và Tân Hiệp là 2 xã không thực hiện sắp xếp.
# priority: 1 = khu vực đập, 2 = hạ du gần, 3 = hạ du đồng bằng (Phụ lục B của tài liệu đặc tả), 100 = còn lại.
# needs_map_check = 1: xã đánh dấu (*) trong Phụ lục B, cần kiểm tra thêm trên bản đồ.
# latitude/longitude: để trống, bổ sung ở giai đoạn 3 (CN25).
resolution_item,kind,name,priority,appendix_b_zone,needs_map_check,latitude,longitude
1,ward,Hải Châu,100,,0,,
2,ward,Hòa Cường,100,,0,,
3,ward,Thanh Khê,100,,0,,
4,ward,An Khê,100,,0,,
5,ward,An Hải,100,,0,,
6,ward,Sơn Trà,100,,0,,
7,ward,Ngũ Hành Sơn,100,,0,,
8,ward,Hòa Khánh,100,,0,,
9,ward,Hải Vân,100,,0,,
10,ward,Liên Chiểu,100,,0,,
11,ward,Cẩm Lệ,100,,0,,
12,ward,Hòa Xuân,100,,0,,
13,ward,Tam Kỳ,100,,0,,
14,ward,Quảng Phú,100,,0,,
15,ward,Hương Trà,100,,0,,
16,ward,Bàn Thạch,100,,0,,
17,ward,Điện Bàn,3,ha_du_dong_bang,0,,
18,ward,Điện Bàn Đông,100,,0,,
19,ward,An Thắng,100,,0,,
20,ward,Điện Bàn Bắc,100,,0,,
21,ward,Hội An,3,ha_du_dong_bang,0,,
22,ward,Hội An Đông,3,ha_du_dong_bang,0,,
23,ward,Hội An Tây,3,ha_du_dong_bang,0,,
24,commune,Hòa Vang,100,,0,,
25,commune,Hòa Tiến,100,,0,,
26,commune,Bà Nà,100,,0,,
27,commune,Núi Thành,100,,0,,
28,commune,Tam Mỹ,100,,0,,
29,commune,Tam Anh,100,,0,,
30,commune,Đức Phú,100,,0,,
31,commune,Tam Xuân,100,,0,,
32,commune,Tây Hồ,100,,0,,
33,commune,Chiên Đàn,100,,0,,
34,commune,Phú Ninh,100,,0,,
35,commune,Lãnh Ngọc,2,ha_du_gan,0,,
36,commune,Tiên Phước,100,,0,,
37,commune,Thạnh Bình,100,,0,,
38,commune,Sơn Cẩm Hà,100,,0,,
39,commune,Trà Liên,100,,0,,
40,commune,Trà Giáp,100,,0,,
41,commune,Trà Tân,1,khu_vuc_dap,0,,
42,commune,Trà Đốc,1,khu_vuc_dap,0,,
43,commune,Trà My,1,khu_vuc_dap,1,,
44,commune,Nam Trà My,100,,0,,
45,commune,Trà Tập,100,,0,,
46,commune,Trà Vân,100,,0,,
47,commune,Trà Linh,100,,0,,
48,commune,Trà Leng,100,,0,,
49,commune,Thăng Bình,100,,0,,
50,commune,Thăng An,100,,0,,
51,commune,Thăng Trường,100,,0,,
52,commune,Thăng Điền,100,,0,,
53,commune,Thăng Phú,100,,0,,
54,commune,Đồng Dương,100,,0,,
55,commune,Quế Sơn Trung,100,,0,,
56,commune,Quế Sơn,100,,0,,
57,commune,Xuân Phú,100,,0,,
58,commune,Nông Sơn,3,ha_du_dong_bang,0,,
59,commune,Quế Phước,3,ha_du_dong_bang,0,,
60,commune,Duy Nghĩa,3,ha_du_dong_bang,0,,
61,commune,Nam Phước,3,ha_du_dong_bang,0,,
62,commune,Duy Xuyên,3,ha_du_dong_bang,0,,
63,commune,Thu Bồn,3,ha_du_dong_bang,0,,
64,commune,Điện Bàn Tây,3,ha_du_dong_bang,0,,
65,commune,Gò Nổi,3,ha_du_dong_bang,0,,
66,commune,Đại Lộc,3,ha_du_dong_bang,0,,
67,commune,Hà Nha,3,ha_du_dong_bang,0,,
68,commune,Thượng Đức,3,ha_du_dong_bang,0,,
69,commune,Vu Gia,3,ha_du_dong_bang,0,,
70,commune,Phú Thuận,3,ha_du_dong_bang,0,,
71,commune,Thạnh Mỹ,2,ha_du_gan,1,,
72,commune,Bến Giằng,2,ha_du_gan,0,,
73,commune,Nam Giang,1,khu_vuc_dap,0,,
74,commune,Đắc Pring,100,,0,,
75,commune,La Dêê,100,,0,,
76,commune,La Êê,100,,0,,
77,commune,Sông Vàng,2,ha_du_gan,1,,
78,commune,Sông Kôn,1,khu_vuc_dap,1,,
79,commune,Đông Giang,1,khu_vuc_dap,1,,
80,commune,Bến Hiên,2,ha_du_gan,0,,
81,commune,Avương,100,,0,,
82,commune,Tây Giang,100,,0,,
83,commune,Hùng Sơn,100,,0,,
84,commune,Hiệp Đức,2,ha_du_gan,0,,
85,commune,Việt An,2,ha_du_gan,0,,
86,commune,Phước Trà,2,ha_du_gan,0,,
87,commune,Khâm Đức,1,khu_vuc_dap,0,,
88,commune,Phước Năng,100,,0,,
89,commune,Phước Chánh,100,,0,,
90,commune,Phước Thành,100,,0,,
91,commune,Phước Hiệp,100,,0,,
92,special_zone,Hoàng Sa,100,,0,,
93,commune,Tam Hải,100,,0,,
93,commune,Tân Hiệp,100,,0,,
